ID Convocatoria,Titulo Convocatoria,Donante,Quienes Pueden Postular,Pais o Alcance,Monto Financiamiento,Moneda,Fecha Limite,Sector,Tipo de Fondo,Informacion Adicional,Score Estrategico Triple IA,Enlace Principal,Fecha de Registro,
CONV-2026-147,Connections Through Culture 2026,British Council,"Artistas, profesionales creativos, profesionales culturales, festivales, bienales, hubs, redes y colectivos",Perú (elegible; requiere alianza con un socio del Reino Unido),"15,000",GBP,12-Aug-2026,Cultura,Grant,"Programa insignia del British Council para colaboración cultural internacional entre Reino Unido y países participantes. Financia cocreación artística, residencias, intercambios, talleres, I+D, exposiciones y actividades de festivales/bienales, entre otras. Para Perú, la postulación debe enfocarse en cambio climático y sostenibilidad. Requisito clave: alianza obligatoria con al menos un socio del Reino Unido. Aplicación 100% en inglés, vía plataforma Good Grants, y presupuesto en GBP. Ejecución del proyecto entre dic-2026 y dic-2027.",6,https://americas.britishcouncil.org/es/programas/CTC,3-Aug-2026,TRUE
CONV-2026-160,New Commons Incubator for Indigenous Languages & Cultures,The GovLab (Open Data Policy Lab),Equipos liderados por comunidades indígenas (Indigenous-led teams),Global (sin restricción geográfica explícita; no se menciona a Perú ni LatAm específicamente),No especificado,No especificado,14-Aug-2026,Cultura,Cooperación Técnica,"Programa de incubación de 6 meses (no es un fondo monetario directo) desarrollado por The GovLab, UNESCO y Microsoft para equipos liderados por pueblos indígenas que buscan diseñar una propuesta de ""data commons"" (ecosistema de datos gobernado colaborativamente) financiable, vinculado a lenguas y culturas indígenas en la era de la IA. Ofrece mentoría experta, guía técnica, apoyo en desarrollo de propuestas, aprendizaje entre pares y talleres. Cohorte muy reducida: solo 5-6 equipos seleccionados a nivel global. Incluye un encuentro presencial (semana de la Asamblea General de la ONU, Nueva York) y programa virtual de octubre 2026 a abril 2027, con showcase final ante financiadores.",3,https://newcommons.ai/,3-Aug-2026,TRUE
CONV-2026-172,Venture Ready: Peru to U.S. Edition 2026,AEIF (Dpto. de Estado EE.UU.),"Startups peruanas en etapa pre-seed, seed o preparación Serie A",Perú,Programa de mentoría y preparación para inversión,No aplica,14-Aug-2026,Tecnología,Cooperación Técnica,"Programa gratuito de 8 semanas (virtual + Investment Forum presencial en Lima el 14-oct) para 25 startups peruanas con producto/servicio validado que buscan levantar capital de inversionistas de EE.UU. Incluye sesiones en vivo con VCs estadounidenses, mentorías, pitch reviews y trabajo de narrativa de inversión. No otorga financiamiento directo. Requiere al menos un integrante que pueda presentar en inglés; no requiere RUC. Auspiciado por la Embajada de EE.UU. en Perú, ejecutado con Golden Circle Consulting.",5,https://peru-to-us.com/,11-Aug-2026,TRUE
CONV-2026-168,Programa de Subvenciones para la Acústica de la Fauna Silvestre,Wildlife Acoustics,Investigadores y organizaciones de conservación,Global,10000 - 100000,USD,15-Aug-2026,Medio Ambiente,Grant + Fondo RNR,"Financia equipos, software y viajes para investigación de fauna silvestre, monitoreo de hábitat y conservación ambiental",8,https://www.wildlifeacoustics.com/grant-program,11-Aug-2026,TRUE
CONV-2026-150,Call for Proposals: Climate Adaptation Innovation in Latin America and the Caribbean (AFCIA),UN CTCN (Climate Technology Centre and Network) / Adaptation Fund,"Instituciones gubernamentales, universidades, centros de investigación, ONGs, empresas del sector privado y otras organizaciones",Todos los países de América Latina y el Caribe (Perú incluido); se da prioridad a Países Menos Adelantados y Pequeños Estados Insulares en Desarrollo,"150,000",USD,18-Aug-2026,Clima,Asistencia Técnica,"Convocatoria bajo el programa Adaptation Fund Climate Innovation Accelerator (AFCIA) de UN CTCN, que busca soluciones innovadoras de adaptación al cambio climático en LatAm y el Caribe. Seleccionará hasta 10 proyectos adicionales en esta ronda regional. Importante: NO transfiere fondos directamente como grant, sino que otorga asistencia técnica de hasta USD 150,000 por proyecto, enfocada en fortalecer capacidad institucional, facilitar intercambio de conocimiento y conectar a los proyectos con expertise y recursos especializados. Requisito clave: la entidad postulante debe estar basada en un país en desarrollo que haya nominado oficialmente una Entidad Nacional Designada (NDE) ante el Mecanismo Tecnológico de la CMNUCC. Se enfoca en soluciones transformadoras y lideradas localmente. Incluye guía de preguntas orientadoras/criterios de selección y grabación de webinar disponibles como apoyo para la postulación.",7,https://www.ctc-n.org/whats-happening/news/call-proposals-climate-adaptation-innovation-latin-america-and-caribbean,4-Aug-2026,TRUE
CONV-2026-155,Roche — Proyectos Extraordinarios (Vidas Extraordinarias),Roche Farma,"Organizaciones de pacientes, organizaciones sociales/ONG, instituciones científicas sin fines de lucro, sociedades médicas, universidades habilitadas para recibir donaciones — legalmente constituidas",América Latina; Perú incluido explícitamente (el presidente de la Asociación Peruana de Hemofilia participó en el lanzamiento),"6,000",USD,18-Aug-2026,Salud,Grant,"Convocatoria regional de Roche enfocada en mejorar la calidad de vida de personas con hemofilia, sus familias y comunidades en LatAm. Otorgará USD 30,000 entre 6 proyectos ganadores (USD 6,000 primer lugar y USD 4,000 segundo lugar por cada una de 3 categorías: Comunidad experta, Acceso a la innovación, e Inclusión y equidad), más acompañamiento técnico y mentorías. NO son elegibles proyectos de investigación clínica, desarrollo de software ni dispositivos médicos. Otorga 5 puntos extra a proyectos con enfoque en descentralización de atención, infancia/adolescencia, o transición a vida adulta. Requiere formulario en línea, ficha PDF, documento máx. 15 páginas, video de máx. 4 minutos, y documentación legal/bancaria.",5,https://re-cid.org/financiamiento-proyectos-hemofilia-latinoamerica/,4-Aug-2026,TRUE
CONV-2026-169,Programa de Emprendedores Residentes (Entrepreneur in Residence),Royal Society,Científicos industriales y emprendedores elegibles para trabajar en el Reino Unido,Reino Unido,"25,000",GBP,19-Aug-2026,Innovación,Grant + Beca,"Subvención de 2 años: hasta £25,000/año para contribución salarial (0.2 FTE) y costos de viaje/proyecto. Requiere trabajar 1 día/semana en una universidad del Reino Unido y tener elegibilidad legal para trabajar en el RU. Financiado por el DSIT del gobierno británico, administrado por Royal Society.",4,https://royalsociety.org/grants/entrepreneur-in-residence/,11-Aug-2026,TRUE
CONV-2026-158,Beca Destino Impacto — GET Forum 2026 (10.ª edición),Red de Impacto LATAM (con apoyo de Fundación Argidius),"Fundadores/as, CEOs o integrantes del equipo directivo de startups, emprendimientos, pequeñas empresas en crecimiento, u organizaciones de apoyo al emprendimiento con operaciones en América Latina y el Caribe",América Latina y el Caribe; Perú incluido,"No especificado en efectivo — es una beca ""todo pago"" que cubre costos (no transferencia de dinero directo)","USD (implícito, costos cubiertos en esa moneda referencial)",23-Aug-2026,Emprendimiento,"Beca en especie (cobertura de costos, no efectivo)","Beca que cubre pasajes aéreos, seguro de viaje, entrada al evento, alojamiento, transporte interno, comidas, y en ocasiones traducción simultánea y trámites de visa, para asistir al GET FORUM 2026 en Quito, Ecuador (5-7 de octubre de 2026). Otorgará 6 becas. Incluye 3 fases: mentoría guiada (grupal e individual, sept-oct 2026), participación activa en el evento, y seguimiento de objetivos post-evento (incluye llamada de seguimiento 3 meses después). Requisitos MÍNIMOS descalificatorios: operar en LAC, liderar innovación/emprendimiento/impacto, tecnología como componente central, impacto medible en al menos 1 ODS, NO haber asistido antes a eventos regionales/globales similares, NO haber sido beneficiario de becas similares antes, y tener mínimo 2 años de operaciones formales. Criterios de evaluación ponderados: necesidad estratégica (30%), impacto positivo demostrado (30%), coherencia necesidad-capacidad económica (25%), población priorizada/equidad (15%). Solo 1 postulación por organización. Formulario: https://redimpacto.fillout.com/getforum_destino_impacto",5,https://redimpacto.org/destino-impacto/ (bases en PDF compartido),4-Aug-2026,TRUE
CONV-2026-170,Premio Gustave Roussy 2027,Gustave Roussy,"Investigadores individuales de oncología, cualquier nacionalidad y afiliación",Global,"200,000",EUR,26-Aug-2026,Salud,Premio / Reconocimiento,"Reconoce a un investigador líder cuyos descubrimientos científicos en diagnóstico, tratamiento o prevención del cáncer hayan mejorado significativamente la atención al paciente. No es financiamiento de proyecto nuevo, sino premio a la trayectoria/logro ya alcanzado. Otorgado por Fondación Gustave Roussy con apoyo de Laboratoires Pierre Fabre; se entrega el 4-feb-2027 (Día Mundial contra el Cáncer).",6,https://www.gustaveroussy.fr/en/news-gustave-roussy-prize-2027-call-applications-now-open,11-Aug-2026,TRUE
CONV-2026-153,Global Innovation Challenge 2026,Social Shifters,"Jóvenes fundadores (18-30 años) liderando 100% un startup o proyecto de impacto social/ambiental ya en marcha, con resultados medibles",Global (sin restricción geográfica),"15,000",USD,31-Aug-2026,Emprendimiento Social,Grant,"Organización sin fines de lucro (charity escocesa) que otorga múltiples premios de hasta $15,000 USD a founders jóvenes 100% youth-led con impacto social/ambiental ya en marcha (no solo idea). El proyecto debe alinearse con al menos 1 Objetivo de Desarrollo Sostenible (ODS) de la ONU. Incluye apoyo GRATUITO para fortalecer la postulación antes de enviarla, recursos de aprendizaje, comunidad global de jóvenes líderes, y acceso a oportunidades futuras (trabajo remunerado, fellowships, networking). Cronograma: apertura 1-jun, cierre 31-ago, anuncio de finalistas en oct, pitch finals en nov, ganadores anunciados en dic 2026.",7,https://www.socialshifters.co/global-innovation-challenge/,4-Aug-2026,TRUE
CONV-2026-164,Premio Nacional Democracia Digital 2026,D&D Internacional (Democracia Digital) — con auspicio de Lenovo y Brother Perú,"Personas o instituciones del sector público, sector privado, sociedad civil, o ciudadanos independientes con iniciativas digitales (Apps, webs, blogs, redes sociales) ya diseñadas y ejecutadas en Perú",Perú (convocatoria nacional exclusiva),"No especificado (premio en especie: 1 laptop Lenovo + 1 impresora Brother Perú por categoría ganadora, sin valor monetario declarado)",No especificado,31-Aug-2026,Tecnología,Premio / Reconocimiento,"Concurso anual (desde 2014) que reconoce buenas prácticas digitales que fortalezcan la democracia y la convivencia cívica en Perú. Se compite en 4 categorías (Sector Público, Sector Privado, Sociedad Civil, Ciudadano independiente), con 1 ganador por categoría (4 en total). La iniciativa debe estar YA diseñada y ejecutada antes del 31-ago-2026 (no se aceptan ideas, versiones beta ni trabajos académicos). Máximo 5 propuestas por concursante. Criterios de evaluación: innovación/creatividad, funcionalidad/implementación, e impacto/resultados. Además del premio físico, los ganadores y participantes pasan a formar parte del Observatorio Nacional Democracia Digital (plataforma que sistematiza y da visibilidad a proyectos digitales desde 2014). Ceremonia de premiación: último bimestre de 2026. Inscripción 100% gratuita.",8,https://democraciadigital.pe/premio,11-Aug-2026,TRUE
CONV-2026-154,Epic MegaGrants — Ciclo 2 2026,Epic Games,"Desarrolladores individuales, equipos pequeños/solo devs, estudios, educadores, investigadores y creadores de herramientas open source que usan Unreal Engine o Unreal Editor for Fortnite (UEFN)",Global (sin restricción — no limitado a EEUU),"500,000",USD,4-Sep-2026,Tecnología,Grant,"Programa de $100 millones de Epic Games (""no strings attached"") para proyectos que usan Unreal Engine o UEFN: videojuegos indie, experiencias de Fortnite, migración desde otro motor gráfico, herramientas open source, o proyectos de cine/animación/inmersivos en tiempo real. También cubre uso empresarial (arquitectura, automotriz, manufactura, simulación) y educación (investigación, currículo, programas universitarios). Rango típico de USD 5,000 a 150,000, con proyectos excepcionales recibiendo hasta USD 500,000. Los ganadores conservan 100% de su propiedad intelectual y no hay obligación de devolver el dinero. Revisión: sep-dic 2026, notificación 7-11 dic 2026. Postulación continua por ciclos (2 al año), sin necesidad de tener estudio grande.",10,https://www.unrealengine.com/megagrants,4-Aug-2026,TRUE
CONV-2026-156,Becas Leonardo Latinoamérica 2026 — Perú,Fundación BBVA,"Investigadores y creadores culturales INDIVIDUALES (no organizaciones ni personas jurídicas), en estadio intermedio de carrera, con residencia fiscal/legal en Perú los últimos 3 años (peruanos o extranjeros residentes)","Perú (primera edición para el país, junto con Argentina, Colombia y México — extensión LatAm del programa europeo)","50,000",USD,21-Sep-2026,Multisectorial,Beca individual (Grant),"Extensión a LatAm del histórico programa europeo ""Becas Leonardo"" de Fundación BBVA (+700 investigadores/creadores apoyados en más de una década en Europa). En Perú se otorgarán becas individuales de hasta USD 50,000 cada una en 3 áreas: Ciencias de la Computación/Ciencia de Datos/IA; Tecnología Limpia (Cleantech) y Biodiversidad; y Creación Literaria y Artes Escénicas. Es una beca 100% individual (NO aplican organizaciones, empresas ni grupos), incompatible con haber sido beneficiario de la edición española en el pasado, y debe ser la fuente principal de financiamiento del proyecto. Postulación exclusivamente vía www.programaleonardo.com. Resultados a partir del 1 de febrero de 2027.",10,https://www.redleonardo.es/becas/becas-leonardo-latinoamerica-2026-argentina-colombia-peru/,4-Aug-2026,TRUE
CONV-2026-144,"Programa LIFE 2026 — Convocatorias Estándar (SAPs): Naturaleza, Medio Ambiente y Clima",Comisión Europea / Agencia CINEA,Cualquier entidad legal pública o privada registrada en la Unión Europea o en países asociados al Programa LIFE. Entidades de otros países pueden participar excepcionalmente si su participación es considerada esencial por la autoridad concedente. El coordinador debe estar establecido en un país elegible. Organizaciones internacionales son admisibles sin restricción geográfica.,"Unión Europea y países asociados — Perú NO es elegible como coordinador, pero puede participar como socio si se considera esencial",Sin límite definido (presupuesto total >600M EUR),EUR,22-Sep-2026,"Medio Ambiente, Biodiversidad, Cambio Climático, Economía Circular, Energía Limpia",Grant + Cofinanciamiento UE,"Principal instrumento de financiación ambiental de la Unión Europea. Convocatorias 2026 publicadas el 21 de abril de 2026. Modalidades: (1) Proyectos de Acción Estándar (SAPs) en Naturaleza y Biodiversidad, Economía Circular y Contaminación Cero, Mitigación y Adaptación Climática — cierre 22 sept 2026; (2) Proyectos Estratégicos (SNAPs y SIPs) — nota conceptual cierre 3 sept 2026; (3) Asistencia Técnica — cierre 22 sept 2026; (4) Transición Energética Limpia — cierre 16 sept 2026; (5) Subvenciones a ONGs — cierre 8-22 sept 2026. Cofinanciación típica: 60% UE, 40% entidad. Postulación vía EU Funding & Tenders Portal. Presupuesto total del programa: más de 600 millones EUR.",3,https://cinea.ec.europa.eu/life-calls-proposals-2026_en,4-Jun-2026,TRUE
CONV-2026-171,Wellcome Discovery Awards,Wellcome Trust,Investigadores establecidos o equipos de investigación,"Reino Unido, Irlanda y países de bajos/medianos ingresos elegibles (África, Asia del Sur, Sudeste Asiático)","3,500,000",GBP,22-Sep-2026,Salud,Grant,"Financia investigación ambiciosa y de largo plazo (hasta 8 años) que aporte a la comprensión de la vida, salud y bienestar humano, en cualquier disciplina. Monto promedio £3.5M; propuestas sobre £5M reciben escrutinio adicional. Desde el 29-oct-2026 solo aceptarán instituciones líderes en RU, Irlanda o LMIC elegibles de África, Asia del Sur y Sudeste Asiático — Perú/LATAM no está incluido en la lista de países elegibles.",6,https://wellcome.org/research-funding/schemes/wellcome-discovery-awards,11-Aug-2026,TRUE
CONV-2026-165,"Concurso ""Implementa tu Iniciativa Circular""",Ministerio de la Producción (PRODUCE) con apoyo de AECID — operado por ProInnóvate,"Micro y pequeñas empresas (MYPE) y cooperativas, legalmente constituidas en Perú con RUC activo y habido, con mínimo 1 año de funcionamiento continuo","Perú — cobertura regional limitada a Lima y Prov. Constitucional del Callao, Arequipa y La Libertad (no es convocatoria nacional completa)","28,500",PEN,24-Sep-2026,Medio Ambiente,Fondo RNR,"Concurso que cofinancia con Recursos No Reembolsables (RNR) proyectos piloto de economía circular en MYPES manufactureras de 4 sectores priorizados: Textil y prendas de vestir, Muebles, Cuero y calzado, y Madera. Financia hasta el 80% del proyecto (máx. S/28,500), con cofinanciamiento obligatorio de la empresa (mínimo 18% monetario + hasta 2% no monetario). Duración del proyecto: hasta 16 semanas. Financia equipos/maquinaria menor y mediana, materiales/insumos, consultorías especializadas y servicios de terceros (máx. 40% del proyecto); NO financia obras civiles, terrenos, personal permanente, vehículos ni certificaciones. Requiere Equipo Técnico mínimo (Coordinador General + Coordinador Administrativo) con vínculo formal a la empresa, y Carta Fianza de S/3,000 para el primer desembolso. NO son elegibles personas naturales, universidades, empresas públicas, ONGs internacionales ni instituciones públicas. Solo se financia 1 proyecto por empresa. Evaluación en 4 instancias (Legal, Externa, Comité Técnico, Ratificación DGAAMI). Bases finales y apertura de postulación: 25-ago-2026. Consultas hasta el 15-ago-2026 a iniciativa_circular@proinnovate.gob.pe.",9,https://miempresacircular.pe/implementa-tu-iniciativa-circular/#descargas-bases,11-Aug-2026,TRUE
CONV-2026-162,Convocatoria de subvenciones — Experiencias Innovadoras de Inclusión Social y Empleo (Programa Perú Social),"Unión Europea (a través de IILA — Organización Internacional Ítalo-Latinoamericana, socio implementador)","Personas jurídicas (ONGs, PYMES, empresas con estándares ESG/Empresas B, instituciones académicas o de investigación) establecidas legalmente en Perú o en la Unión Europea, con ingresos promedio anuales superiores a €200,000 en los últimos 3 años (2023-2025), y con al menos 2 proyectos ejecutados en Perú en los últimos 5 años (2021-2025) en la línea temática elegida",Perú (ejecución 100% en territorio nacional peruano); la entidad postulante puede estar establecida en Perú o en la Unión Europea,"200000 (monto fijo ""todo incluido"" — no se aceptan propuestas de presupuesto distinto)",EUR,30-Sep-2026,Empleo / Protección Social,Grant,"Programa financiado por la UE (Convenio NDICI-ALA/2023/449/595) e implementado por IILA, con dotación total de hasta €800,000 (financiaría aprox. 4 proyectos de €200,000 cada uno). Duración: 12-18 meses. Debe abordar 1 de 4 líneas de intervención: (1) Acompañamiento integral para autonomía y empleo decente de personas en extrema vulnerabilidad; (2) Profesionalización de cuidadoras/es (mínimo 30% de beneficiarios deben lograr empleo formal); (3) Mejora de productividad y protección social de MYPES/productores familiares; (4) Asociatividad y formalización de MYPES. Enfoques transversales OBLIGATORIOS: derechos, género (indicadores desagregados), interculturalidad, no discriminación, principio de no daño. Evaluación en 2 etapas + evaluación económica (100 puntos totales), con umbrales mínimos de 18/30 y 35/50 para avanzar de etapa. NO se aceptan co-solicitantes ni entidades afiliadas. NO son elegibles acciones puramente asistenciales ni de compra de equipos/infraestructura. Envío EXCLUSIVAMENTE por correo postal certificado (DHL o similar) a Roma, Italia — no hay portal en línea. Consultas hasta el 24-ago-2026.",10,https://iila.org/es/convocatoria-de-subvenciones-para-experiencias-innovadoras-de-respuesta-a-problemas-de-exclusion-social-y-economica-de-personas-en-situacion-de-vulnerabilidad-con-enfasis-en-la-generacion-de-empleo-d/,8-Aug-2026,TRUE
CONV-2026-140,29ª Convocatoria Abierta — Common Fund for Commodities (CFC),Common Fund for Commodities (CFC),"PYMEs, cooperativas, empresas sociales, ONGs y entidades públicas/privadas con mínimo 3 años de historial operativo, basadas o con operaciones activas en uno de los 101 países miembro del CFC. NO financia startups sin historial ni proyectos de ayuda humanitaria, educación o salud.",101 países miembro del CFC (incluye Perú),300000 - 1500000,USD,1-Oct-2026,"Agricultura, Cadenas de Valor, Desarrollo Rural, Medio Ambiente",Préstamo Concesional,"Fondo intergubernamental con sede en Ámsterdam. Financia mediante préstamos (no grants) a tasas competitivas. Monto máximo: USD 1.5M (regular) o USD 300K (Fast-Track). Áreas prioritarias: finanzas comerciales para pequeños agricultores, agricultura regenerativa y biodiversidad, valor agregado local, agtech para cadenas inclusivas, acceso financiero para smallholders, emprendimiento femenino. Prioridad especial para proyectos en países LDC, LLDC y SIDS, y en la cuenca del Congo. Formulario disponible en español. Webinar informativo: 1 de septiembre de 2026. Requiere estados financieros auditados.",7,https://www.common-fund.org/call-for-proposals,26-May-2026,TRUE
CONV-2026-157,Emprendimiento Académico Fase 2,PROCIENCIA (CONCYTEC) — Gobierno del Perú,"Universidades peruanas licenciadas por SUNEDU, Institutos Públicos de Investigación (IPI), y Centros de Innovación Productiva y Transferencia Tecnológica (CITE) con tecnologías en TRL 7 u 8",Perú (convocatoria nacional exclusiva),"No especificado aún públicamente (bases integradas se publican a partir del 20-ago-2026); como referencia, la Fase 1 —para TRL 5+— otorgó hasta S/ 400,000 por subvención",PEN,5-Oct-2026,Tecnología,Subvención no reembolsable (Grant),"Concurso de PROCIENCIA para impulsar el emprendimiento académico mediante transferencia, adopción, licenciamiento, escalamiento comercial o constitución de empresas de base tecnológica a partir de tecnologías ya desarrolladas en universidades/IPI/CITE peruanas, con TRL 7 u 8 alcanzado al momento de la postulación (etapa más avanzada que Fase 1, que exige solo TRL 5+). Prioriza tecnologías vinculadas a áreas estratégicas nacionales. Cronograma: apertura 31-jul-2026, consultas hasta 07-ago-2026, bases integradas desde 20-ago-2026, cierre 05-oct-2026, resultados desde 25-nov-2026, desembolso desde dic-2026.",10,https://prociencia.gob.pe/2026/07/emprendimiento-academico-fase-2/,4-Aug-2026,TRUE
CONV-2026-161,Whitley Awards 2027,Whitley Fund for Nature (WFN),"Individuos (no organizaciones ni equipos) — líderes de conservación de carrera media, respaldados por una ONG, fundación, universidad u otra organización establecida","Países de renta baja y media-baja (Global South); Perú es elegible y tiene trayectoria comprobada de ganadores (2012, 2018, entre otros años)","50,000",GBP,30-Oct-2026,Medio Ambiente,Grant (premio + financiamiento de proyecto),"Premio insignia de WFN (desde 1993, +£26 millones entregados a +230 líderes en +84 países) para conservacionistas de carrera media liderando proyectos de conservación de base comunitaria. Otorga £50,000 de financiamiento por 1 año (inicio jun-2027), más reconocimiento internacional, apoyo en comunicación/medios, capacitación entre pares, y elegibilidad futura para Continuation Funding (hasta £100,000 adicionales) y el Whitley Gold Award. Requisitos clave: el postulante debe ser NACIONAL del país donde trabaja, comunicarse en inglés sin traductor (para la semana de premiación en Londres, que incluye entrevistas y networking), tener trayectoria de conservación con impacto medible, y NO se aceptan solicitudes de individuos aislados ni de equipos/solicitudes conjuntas — debe ser un líder individual respaldado por una organización. Áreas: conservación de biodiversidad/ecosistemas, conservación liderada por comunidades (beneficiando a Pueblos Indígenas), y soluciones escalables basadas en evidencia. Actividades elegibles: restauración de hábitats, conservación de especies, coexistencia humano-fauna, educación ambiental, manejo de áreas protegidas, manejo sostenible de recursos naturales, investigación aplicada. Ceremonia de premiación: abril/mayo 2027 en Londres (Royal Geographical Society).",9,https://whitleyaward.org/apply-for-conservation-funding/apply-for-a-whitley-award/,8-Aug-2026,TRUE
CONV-2026-053,Proyectos de I+D (Préstamos Parcialmente Reembolsables),CDTI (España),Empresas privadas (Individual o Consorcio),España e Internacional (Incluye Perú vía IBEROEKA),"175,000",EUR,31-Dec-2026,"I+D+i (Energía, Descarbonización, Movilidad, Chips)",Préstamo con tramo no reembolsable,"Ayuda de hasta el 85% del presupuesto. Incluye un Tramo No Reembolsable (TNR) de hasta el 33%. Financia personal, materiales, patentes y consultoría. Proyectos de 12 a 36 meses.",8.2,https://www.cdti.es/ayudas/proyectos-de-i-d,16-Mar-2026,TRUE
CONV-2026-062,Cisco Global Impact Cash Grant,"Cisco Systems, Inc.",ONGs y Organizaciones sin fines de lucro (NPOs),Global (Incluye Perú),"100,000",USD,31-Dec-2026,"Crisis, Educación, Empoderamiento Económico y Clima",Subvención (Grant),Financia soluciones tecnológicas para problemas sociales. Se enfoca en etapas tempranas con alto potencial de escala. El 65% de los beneficiarios deben ser poblaciones vulnerables. Proceso: Carta de Consulta (LOI) -> Invitación.,9,https://www.cisco.com/site/us/en/about/purpose/social-impact/investments/global-impact-cash-grants.html,31-Mar-2026,TRUE
CONV-2026-029,Advancing Global Health (Fomento de la Salud Global),Department of State - Bureau of Global Health Security and Diplomacy (GHSD),"Empresas privadas, Universidades, ONGs, Entidades públicas, Consorcios.",Global (Incluye países con acuerdos bilaterales como Perú),"250,000,000",USD,14-Feb-2027,Salud,Subvención (Grant),"Bajo la Estrategia ""America First Global Health"", se busca fortalecer sistemas de salud locales. Requiere envío previo de Declaración de Interés (SOI). Se esperan hasta 100 premios con ejecución de hasta 5 años.",10,https://www.grants.gov/search-results-detail/361416,11-Mar-2026,TRUE
CONV-2026-143,Rainforest Trust — Convocatoria Global para Conservación Ambiental,Rainforest Trust,"ONGs, organizaciones comunitarias, organizaciones indígenas y actores de conservación legalmente establecidos. Requiere personería jurídica formal. Experiencia comprobada en conservación es valorada.",Global — incluye Perú,Hasta 250000,USD,ABIERTO,"Medio Ambiente, Conservación, Biodiversidad, Territorios Indígenas",Grant + Fondo RNR,"Convocatoria permanente de Rainforest Trust (EE.UU.) para financiar iniciativas de conservación ambiental. Áreas prioritarias: creación y ampliación de áreas protegidas, protección de biodiversidad, conservación comunitaria e indígena, gobernanza territorial, ecosistemas críticos y soluciones basadas en naturaleza. También financia estudios de viabilidad, análisis territoriales, procesos preparatorios y aspectos legales vinculados a protección territorial. Proyectos menores a USD 250K pueden aplicar en cualquier momento del año (convocatoria abierta continua). Proyectos mayores tienen fechas de corte específicas — consultar web. Rainforest Trust financia frecuentemente proyectos en Perú (Amazonía, Andes, ecosistemas costeros).",8,https://www.rainforesttrust.org/get-involved/apply-for-funding/,4-Jun-2026,FALSE
CONV-2026-148,Financiamiento no solicitado — Global Affairs Canada (Unsolicited Concept Note),Global Affairs Canada,"Organizaciones con estatus legal (ONGs, sin fines de lucro, entidades locales) con capacidad de gestión financiera y de reportes",Países elegibles para Ayuda Oficial al Desarrollo (AOD/ODA) según lista del CAD-OCDE — Perú califica como país de renta media-alta elegible,No especificado (sin monto mínimo ni máximo),CAD,Sin fecha limite,Multisectorial,Grant,"Mecanismo de 2 pasos: 1) nota conceptual (máx. 2,500 palabras) evaluada según 3 componentes (desafío de desarrollo, solución, capacidad organizacional); 2) si hay interés, invitación a propuesta completa. Debe alinearse con la Política Feminista de Asistencia Internacional de Canadá (igualdad de género, derechos humanos, sostenibilidad ambiental) y con las prioridades de AOD. Requiere: estados financieros firmados de los últimos 2 años fiscales (auditados preferentemente), certificación del CFO, y postulación exclusivamente vía el portal Partners@International. Exige cofinanciamiento mínimo del 5% de costos elegibles. Respuesta esperada en ~2 meses. Si se rechaza, no se puede volver a postular la misma idea de proyecto por 2 años. Existe también un componente de ""finanzas innovadoras"" (Conditionally Repayable Contributions) para proyectos entre CAD $5M y $20M con generación de ingresos.",7,https://www.international.gc.ca/world-monde/funding-financement/apply_funding-demande_financement.aspx?lang=eng,4-Aug-2026,FALSE
CONV-2026-149,GFCF Grants — Share a Concept Note (Community Philanthropy Grants),Global Fund for Community Foundations (GFCF),"Organizaciones de filantropía comunitaria: fundaciones comunitarias, fondos de mujeres, fondos ambientales, fundaciones públicas nacionales, grantmakers de base, u otras organizaciones que practiquen filantropía comunitaria","África, Asia, Medio Oriente, Europa Central y del Este, y América Latina y el Caribe (Perú es elegible); se da prioridad a organizaciones en países con acceso limitado a otras fuentes de financiamiento","20,000",USD,Sin fecha límite,Desarrollo Comunitario,Grant,"El GFCF apoya organizaciones que usan el grantmaking como estrategia de desarrollo para devolver poder y recursos a nivel comunitario (""ShiftThePower""). Financia actividades como mapeo de hábitos locales de donación, fortalecimiento de estrategias de movilización de recursos locales, pilotos de nuevos enfoques (ej. grantmaking participativo), y documentación de evidencia/impacto sobre filantropía comunitaria. Los montos van típicamente de $7,000 a $20,000 USD (varía según presupuesto anual de la organización, tipo de actividades, y si ya es conocida por el GFCF). Duración normal: 1 año, con posibilidad de financiamiento de seguimiento. Puede requerir participar en una red de aprendizaje/convocatoria de grantees. Postulación simple: solo requiere enviar una nota conceptual por correo (info@globalfundcf.org) o mediante formulario en línea, sin proceso complejo de dos etapas.",6,https://globalfundcommunityfoundations.org/what-we-do/grants/share-a-concept-note/,4-Aug-2026,FALSE
CONV-2026-159,Reece Foundation — Grants (WASH & Food Security),"Reece Foundation (Australia, financiada por Reece Limited)","Organizaciones sin fines de lucro, grupos comunitarios, o individuos/grupos de individuos patrocinados por una entidad sin fines de lucro","Global (""Australia y overseas"") — sin lista explícita de países elegibles; actualmente PRIORIZAN alivio de desastres en Australia y Texas (EEUU), aunque tienen proyectos pasados en Nepal (""overseas"" en general)","30,000",AUD,Sin fecha límite,Agua y Saneamiento,Grant,"Fundación australiana que apoya iniciativas lideradas localmente para mejorar el acceso a agua limpia, saneamiento o seguridad alimentaria (mediante irrigación) en Australia y el extranjero. Rango de subvención: AU$5,000–AU$30,000. NO financia mantenimiento general ni donaciones genéricas — debe ser un proyecto específico con cronograma y presupuesto. Actualmente están priorizando activamente proyectos de recuperación tras inundaciones en Texas y Australia, lo cual podría reducir las chances de propuestas de otras regiones en el corto plazo. Respuesta esperada dentro de 2 meses si la propuesta es preseleccionada.",4,https://www.reecefoundation.charity/get-involved-apply-for-a-grant,4-Aug-2026,FALSE
CONV-2026-163,Fondo de Impacto VELA (Vehículo de Escalamiento Social y Ambiental para América Latina y el Caribe),"CAF (Banco de Desarrollo de América Latina y el Caribe) como inversionista ancla, gestionado por Sonen Capital (EEUU) y Fondo de Fondos (México)","Empresas, fondos y soluciones con alto potencial de crecimiento — NO es para organizaciones sin fines de lucro que buscan donaciones, sino para empresas/emprendimientos que buscan CAPITAL DE INVERSIÓN a cambio de retorno financiero",América Latina y el Caribe (24-25 países accionistas de CAF); Perú incluido como país miembro del CAF,No especificado por empresa individual — el fondo total busca movilizar entre USD 100 y 150 millones (CAF aporta USD 20 millones como inversión ancla inicial),USD,Sin fecha limite,Multisectorial,Capital / Inversión de Impacto (equity — NO es una subvención/grant no reembolsable),"Primer fondo regional de inversión de impacto estructurado por una banca multilateral de desarrollo, con incentivos financieros ligados al logro de resultados de impacto, métricas estandarizadas y mecanismos de verificación independiente. Se enfoca en 5 áreas prioritarias: reducción de la pobreza, inclusión financiera, biodiversidad, economía azul, y agricultura regenerativa. Busca generar retornos financieros competitivos junto con impacto social/ambiental medible, combinando inversiones directas en empresas, participación en otros fondos, y operaciones secundarias. Anunciado oficialmente en Ciudad de México, con evento de lanzamiento virtual disponible para más información.",8,https://www.caf.com/es/actualidad/noticias/caf-lanza-fondo-vela-para-impulsar-empresas-con-impacto-social-y-ambiental-en-america-latina-y-el-caribe/,8-Aug-2026,FALSE